0.000000, 0.000000, 0.000000, 0.000000, 0.000000, 0.000000, 0.000000, 0.000000, 0.000000, 0.000000, 0.000000, 0.000000, 0.000000
0.010000, 0.000000, 0.000000, 0.000000, -0.143239, 0.000000, 0.000000, 0.000000, 0.000000, 0.000000, -28.647835, 0.000000, 0.000000
0.020000, 0.000000, 0.000000, 0.000000, -0.442920, 0.000000, 0.000000, 0.000000, 0.000000, 0.000000, -30.000013, 0.000000, 0.000000
0.030000, 0.000000, 0.000000, 0.000000, -0.742920, 0.000000, 0.000000, 0.000000, 0.000000, 0.000000, -30.000013, 0.000000, 0.000000
0.040000, 0.000000, 0.000000, 0.000000, -1.042920, 0.000000, 0.000000, 0.000000, 0.000000, 0.000000, -30.000013, 0.000000, 0.000000
0.050000, 0.000000, 0.000000, 0.000000, -1.342920, 0.000000, 0.000000, 0.000000, 0.000000, 0.000000, -30.000013, 0.000000, 0.000000
0.060000, 0.000000, 0.000000, 0.000000, -1.642920, 0.000000, 0.000000, 0.000000, 0.000000, 0.000000, -30.000013, 0.000000, 0.000000
0.070000, 0.000000, 0.000000, 0.000000, -1.942921, 0.000000, 0.000000, 0.000000, 0.000000, 0.000000, -30.000013, 0.000000, 0.000000
0.080000, 0.000000, 0.000000, 0.000000, -2.242921, 0.000000, 0.000000, 0.000000, 0.000000, 0.000000, -30.000013, 0.000000, 0.000000
0.090000, 0.000000, 0.000000, 0.000000, -2.542921, 0.000000, 0.000000, 0.000000, 0.000000, 0.000000, -30.000013, 0.000000, 0.000000
0.100000, 0.000000, 0.000000, 0.000000, -2.842921, 0.000000, 0.000000, 0.000000, 0.000000, 0.000000, -30.000013, 0.000000, 0.000000
0.110000, 0.000000, 0.000000, 0.000000, -3.142921, 0.000000, 0.000000, 0.000000, 0.000000, 0.000000, -30.000013, 0.000000, 0.000000
0.120000, 0.000000, 0.000000, 0.000000, -3.442921, 0.000000, 0.000000, 0.000000, 0.000000, 0.000000, -30.000013, 0.000000, 0.000000
0.130000, 0.000000, 0.000000, 0.000000, -3.742921, 0.000000, 0.000000, 0.000000, 0.000000, 0.000000, -30.000013, 0.000000, 0.000000
0.140000, 0.000000, 0.000000, 0.000000, -4.042921, 0.000000, 0.000000, 0.000000, 0.000000, 0.000000, -30.000013, 0.000000, 0.000000
0.150000, 0.000000, 0.000000, 0.000000, -4.342922, 0.000000, 0.000000, 0.000000, 0.000000, 0.000000, -30.000013, 0.000000, 0.000000
0.160000, 0.000000, 0.000000, 0.000000, -4.642922, 0.000000, 0.000000, 0.000000, 0.000000, 0.000000, -30.000013, 0.000000, 0.000000
0.170000, 0.000000, 0.000000, 0.000000, -4.942922, 0.000000, 0.000000, 0.000000, 0.000000, 0.000000, -30.000013, 0.000000, 0.000000
0.180000, 0.000000, 0.000000, 0.000000, -5.242922, 0.000000, 0.000000, 0.000000, 0.000000, 0.000000, -30.000013, 0.000000, 0.000000
0.190000, 0.000000, 0.000000, 0.000000, -5.542922, 0.000000, 0.000000, 0.000000, 0.000000, 0.000000, -30.000013, 0.000000, 0.000000
0.200000, 0.000000, 0.000000, 0.000000, -5.842922, 0.000000, 0.000000, 0.000000, 0.000000, 0.000000, -30.000013, 0.000000, 0.000000
0.210000, 0.000000, 0.000000, 0.000000, -6.142922, 0.000000, 0.000000, 0.000000, 0.000000, 0.000000, -30.000013, 0.000000, 0.000000
0.220000, 0.000000, 0.000000, 0.000000, -6.442923, 0.000000, 0.000000, 0.000000, 0.000000, 0.000000, -30.000013, 0.000000, 0.000000
0.230000, 0.000000, 0.000000, 0.000000, -6.742923, 0.000000, 0.000000, 0.000000, 0.000000, 0.000000, -30.000013, 0.000000, 0.000000
0.240000, 0.000000, 0.000000, 0.000000, -7.042923, 0.000000, 0.000000, 0.000000, 0.000000, 0.000000, -30.000013, 0.000000, 0.000000
0.250000, 0.000000, 0.000000, 0.000000, -7.342923, 0.000000, 0.000000, 0.000000, 0.000000, 0.000000, -30.000013, 0.000000, 0.000000
0.260000, 0.000000, 0.000000, 0.000000, -7.642923, 0.000000, 0.000000, 0.000000, 0.000000, 0.000000, -30.000013, 0.000000, 0.000000
0.270000, 0.000000, 0.000000, 0.000000, -7.942923, 0.000000, 0.000000, 0.000000, 0.000000, 0.000000, -30.000013, 0.000000, 0.000000
0.280000, 0.000000, 0.000000, 0.000000, -8.242923, 0.000000, 0.000000, 0.000000, 0.000000, 0.000000, -30.000013, 0.000000, 0.000000
0.290000, 0.000000, 0.000000, 0.000000, -8.542923, 0.000000, 0.000000, 0.000000, 0.000000, 0.000000, -30.000013, 0.000000, 0.000000
0.300000, 0.000000, 0.000000, 0.000000, -8.842924, 0.000000, 0.000000, 0.000000, 0.000000, 0.000000, -30.000013, 0.000000, 0.000000
0.310000, 0.000000, 0.000000, 0.000000, -9.142924, 0.000000, 0.000000, 0.000000, 0.000000, 0.000000, -30.000013, 0.000000, 0.000000
0.320000, 0.000000, 0.000000, 0.000000, -9.442924, 0.000000, 0.000000, 0.000000, 0.000000, 0.000000, -30.000013, 0.000000, 0.000000
0.330000, 0.000000, 0.000000, 0.000000, -9.742924, 0.000000, 0.000000, 0.000000, 0.000000, 0.000000, -30.000013, 0.000000, 0.000000
0.340000, 0.000000, 0.000000, 0.000000, -10.042924, 0.000000, 0.000000, 0.000000, 0.000000, 0.000000, -30.000013, 0.000000, 0.000000
0.350000, 0.000000, 0.000000, 0.000000, -10.342924, 0.000000, 0.000000, 0.000000, 0.000000, 0.000000, -30.000013, 0.000000, 0.000000
0.360000, 0.000000, 0.000000, 0.000000, -10.642924, 0.000000, 0.000000, 0.000000, 0.000000, 0.000000, -30.000013, 0.000000, 0.000000
0.370000, 0.000000, 0.000000, 0.000000, -10.942924, 0.000000, 0.000000, 0.000000, 0.000000, 0.000000, -30.000013, 0.000000, 0.000000
0.380000, 0.000000, 0.000000, 0.000000, -11.242925, 0.000000, 0.000000, 0.000000, 0.000000, 0.000000, -30.000013, 0.000000, 0.000000
0.390000, 0.000000, 0.000000, 0.000000, -11.542925, 0.000000, 0.000000, 0.000000, 0.000000, 0.000000, -30.000013, 0.000000, 0.000000
0.400000, 0.000000, 0.000000, 0.000000, -11.842925, 0.000000, 0.000000, 0.000000, 0.000000, 0.000000, -30.000013, 0.000000, 0.000000
0.410000, 0.000000, 0.000000, 0.000000, -12.142925, 0.000000, 0.000000, 0.000000, 0.000000, 0.000000, -30.000013, 0.000000, 0.000000
0.420000, 0.000000, 0.000000, 0.000000, -12.442925, 0.000000, 0.000000, 0.000000, 0.000000, 0.000000, -30.000013, 0.000000, 0.000000
0.430000, 0.000000, 0.000000, 0.000000, -12.742925, 0.000000, 0.000000, 0.000000, 0.000000, 0.000000, -30.000013, 0.000000, 0.000000
0.440000, 0.000000, 0.000000, 0.000000, -13.042925, 0.000000, 0.000000, 0.000000, 0.000000, 0.000000, -30.000013, 0.000000, 0.000000
0.450000, 0.000000, 0.000000, 0.000000, -13.342925, 0.000000, 0.000000, 0.000000, 0.000000, 0.000000, -30.000013, 0.000000, 0.000000
0.460000, 0.000000, 0.000000, 0.000000, -13.642926, 0.000000, 0.000000, 0.000000, 0.000000, 0.000000, -30.000013, 0.000000, 0.000000
0.470000, 0.000000, 0.000000, 0.000000, -13.942926, 0.000000, 0.000000, 0.000000, 0.000000, 0.000000, -30.000013, 0.000000, 0.000000
0.480000, 0.000000, 0.000000, 0.000000, -14.242926, 0.000000, 0.000000, 0.000000, 0.000000, 0.000000, -30.000013, 0.000000, 0.000000
0.490000, 0.000000, 0.000000, 0.000000, -14.542926, 0.000000, 0.000000, 0.000000, 0.000000, 0.000000, -30.000013, 0.000000, 0.000000
0.500000, 0.000000, 0.000000, 0.000000, -14.842926, 0.000000, 0.000000, 0.000000, 0.000000, 0.000000, -30.000013, 0.000000, 0.000000
0.510000, 0.000000, 0.000000, 0.000000, -15.142926, 0.000000, 0.000000, 0.000000, 0.000000, 0.000000, -30.000013, 0.000000, 0.000000
0.520000, 0.000000, 0.000000, 0.000000, -15.442926, 0.000000, 0.000000, 0.000000, 0.000000, 0.000000, -30.000013, 0.000000, 0.000000
0.530000, 0.000000, 0.000000, 0.000000, -15.742926, 0.000000, 0.000000, 0.000000, 0.000000, 0.000000, -30.000013, 0.000000, 0.000000
0.540000, 0.000000, 0.000000, 0.000000, -16.042927, 0.000000, 0.000000, 0.000000, 0.000000, 0.000000, -30.000013, 0.000000, 0.000000
0.550000, 0.000000, 0.000000, 0.000000, -16.342927, 0.000000, 0.000000, 0.000000, 0.000000, 0.000000, -30.000013, 0.000000, 0.000000
0.560000, 0.000000, 0.000000, 0.000000, -16.642927, 0.000000, 0.000000, 0.000000, 0.000000, 0.000000, -30.000013, 0.000000, 0.000000
0.570000, 0.000000, 0.000000, 0.000000, -16.942927, 0.000000, 0.000000, 0.000000, 0.000000, 0.000000, -30.000013, 0.000000, 0.000000
0.580000, 0.000000, 0.000000, 0.000000, -17.242927, 0.000000, 0.000000, 0.000000, 0.000000, 0.000000, -30.000013, 0.000000, 0.000000
0.590000, 0.000000, 0.000000, 0.000000, -17.542927, 0.000000, 0.000000, 0.000000, 0.000000, 0.000000, -30.000013, 0.000000, 0.000000
0.600000, 0.000000, 0.000000, 0.000000, -17.842927, 0.000000, 0.000000, 0.000000, 0.000000, 0.000000, -30.000013, 0.000000, 0.000000
0.610000, 0.000000, 0.000000, 0.000000, -18.142928, 0.000000, 0.000000, 0.000000, 0.000000, 0.000000, -30.000013, 0.000000, 0.000000
0.620000, 0.000000, 0.000000, 0.000000, -18.442928, 0.000000, 0.000000, 0.000000, 0.000000, 0.000000, -30.000013, 0.000000, 0.000000
0.630000, 0.000000, 0.000000, 0.000000, -18.742928, 0.000000, 0.000000, 0.000000, 0.000000, 0.000000, -30.000013, 0.000000, 0.000000
0.640000, 0.000000, 0.000000, 0.000000, -19.042928, 0.000000, 0.000000, 0.000000, 0.000000, 0.000000, -30.000013, 0.000000, 0.000000
0.650000, 0.000000, 0.000000, 0.000000, -19.342928, 0.000000, 0.000000, 0.000000, 0.000000, 0.000000, -30.000013, 0.000000, 0.000000
0.660000, 0.000000, 0.000000, 0.000000, -19.642928, 0.000000, 0.000000, 0.000000, 0.000000, 0.000000, -30.000013, 0.000000, 0.000000
0.670000, 0.000000, 0.000000, 0.000000, -19.942928, 0.000000, 0.000000, 0.000000, 0.000000, 0.000000, -30.000013, 0.000000, 0.000000
0.680000, 0.000000, 0.000000, 0.000000, -20.242928, 0.000000, 0.000000, 0.000000, 0.000000, 0.000000, -30.000013, 0.000000, 0.000000
0.690000, 0.000000, 0.000000, 0.000000, -20.542929, 0.000000, 0.000000, 0.000000, 0.000000, 0.000000, -30.000013, 0.000000, 0.000000
0.700000, 0.000000, 0.000000, 0.000000, -20.842929, 0.000000, 0.000000, 0.000000, 0.000000, 0.000000, -30.000013, 0.000000, 0.000000
0.710000, 0.000000, 0.000000, 0.000000, -21.142929, 0.000000, 0.000000, 0.000000, 0.000000, 0.000000, -30.000013, 0.000000, 0.000000
0.720000, 0.000000, 0.000000, 0.000000, -21.442929, 0.000000, 0.000000, 0.000000, 0.000000, 0.000000, -30.000013, 0.000000, 0.000000
0.730000, 0.000000, 0.000000, 0.000000, -21.742929, 0.000000, 0.000000, 0.000000, 0.000000, 0.000000, -30.000013, 0.000000, 0.000000
0.740000, 0.000000, 0.000000, 0.000000, -22.042929, 0.000000, 0.000000, 0.000000, 0.000000, 0.000000, -30.000013, 0.000000, 0.000000
0.750000, 0.000000, 0.000000, 0.000000, -22.342929, 0.000000, 0.000000, 0.000000, 0.000000, 0.000000, -30.000013, 0.000000, 0.000000
0.760000, 0.000000, 0.000000, 0.000000, -22.642929, 0.000000, 0.000000, 0.000000, 0.000000, 0.000000, -30.000013, 0.000000, 0.000000
0.770000, 0.000000, 0.000000, 0.000000, -22.942930, 0.000000, 0.000000, 0.000000, 0.000000, 0.000000, -30.000013, 0.000000, 0.000000
0.780000, 0.000000, 0.000000, 0.000000, -23.242930, 0.000000, 0.000000, 0.000000, 0.000000, 0.000000, -30.000013, 0.000000, 0.000000
0.790000, 0.000000, 0.000000, 0.000000, -23.542930, 0.000000, 0.000000, 0.000000, 0.000000, 0.000000, -30.000013, 0.000000, 0.000000
0.800000, 0.000000, 0.000000, 0.000000, -23.842930, 0.000000, 0.000000, 0.000000, 0.000000, 0.000000, -30.000013, 0.000000, 0.000000
0.810000, 0.000000, 0.000000, 0.000000, -24.142930, 0.000000, 0.000000, 0.000000, 0.000000, 0.000000, -30.000013, 0.000000, 0.000000
0.820000, 0.000000, 0.000000, 0.000000, -24.442930, 0.000000, 0.000000, 0.000000, 0.000000, 0.000000, -30.000013, 0.000000, 0.000000
0.830000, 0.000000, 0.000000, 0.000000, -24.742930, 0.000000, 0.000000, 0.000000, 0.000000, 0.000000, -30.000013, 0.000000, 0.000000
0.840000, 0.000000, 0.000000, 0.000000, -25.042930, 0.000000, 0.000000, 0.000000, 0.000000, 0.000000, -30.000013, 0.000000, 0.000000
0.850000, 0.000000, 0.000000, 0.000000, -25.342931, 0.000000, 0.000000, 0.000000, 0.000000, 0.000000, -30.000013, 0.000000, 0.000000
0.860000, 0.000000, 0.000000, 0.000000, -25.642931, 0.000000, 0.000000, 0.000000, 0.000000, 0.000000, -30.000013, 0.000000, 0.000000
0.870000, 0.000000, 0.000000, 0.000000, -25.942931, 0.000000, 0.000000, 0.000000, 0.000000, 0.000000, -30.000013, 0.000000, 0.000000
0.880000, 0.000000, 0.000000, 0.000000, -26.242931, 0.000000, 0.000000, 0.000000, 0.000000, 0.000000, -30.000013, 0.000000, 0.000000
0.890000, 0.000000, 0.000000, 0.000000, -26.542931, 0.000000, 0.000000, 0.000000, 0.000000, 0.000000, -30.000013, 0.000000, 0.000000
0.900000, 0.000000, 0.000000, 0.000000, -26.842931, 0.000000, 0.000000, 0.000000, 0.000000, 0.000000, -30.000013, 0.000000, 0.000000
0.910000, 0.000000, 0.000000, 0.000000, -27.142931, 0.000000, 0.000000, 0.000000, 0.000000, 0.000000, -30.000013, 0.000000, 0.000000
0.920000, 0.000000, 0.000000, 0.000000, -27.442932, 0.000000, 0.000000, 0.000000, 0.000000, 0.000000, -30.000013, 0.000000, 0.000000
0.930000, 0.000000, 0.000000, 0.000000, -27.742932, 0.000000, 0.000000, 0.000000, 0.000000, 0.000000, -30.000013, 0.000000, 0.000000
0.940000, 0.000000, 0.000000, 0.000000, -28.042932, 0.000000, 0.000000, 0.000000, 0.000000, 0.000000, -30.000013, 0.000000, 0.000000
0.950000, 0.000000, 0.000000, 0.000000, -28.342932, 0.000000, 0.000000, 0.000000, 0.000000, 0.000000, -30.000013, 0.000000, 0.000000
0.960000, 0.000000, 0.000000, 0.000000, -28.642932, 0.000000, 0.000000, 0.000000, 0.000000, 0.000000, -30.000013, 0.000000, 0.000000
0.970000, 0.000000, 0.000000, 0.000000, -28.942932, 0.000000, 0.000000, 0.000000, 0.000000, 0.000000, -30.000013, 0.000000, 0.000000
0.980000, 0.000000, 0.000000, 0.000000, -29.242932, 0.000000, 0.000000, 0.000000, 0.000000, 0.000000, -30.000013, 0.000000, 0.000000
0.990000, 0.000000, 0.000000, 0.000000, -29.542932, 0.000000, 0.000000, 0.000000, 0.000000, 0.000000, -30.000013, 0.000000, 0.000000
1.000000, 0.000000, 0.000000, 0.000000, -29.842933, 0.000000, 0.000000, 0.000000, 0.000000, 0.000000, -30.000013, 0.000000, 0.000000
1.010000, 0.000000, 0.000000, 0.000000, -30.142933, 0.000000, 0.000000, 0.000000, 0.000000, 0.000000, -30.000013, 0.000000, 0.000000
1.020000, 0.000000, 0.000000, 0.000000, -30.442933, 0.000000, 0.000000, 0.000000, 0.000000, 0.000000, -30.000013, 0.000000, 0.000000
1.030000, 0.000000, 0.000000, 0.000000, -30.742933, 0.000000, 0.000000, 0.000000, 0.000000, 0.000000, -30.000013, 0.000000, 0.000000
1.040000, 0.000000, 0.000000, 0.000000, -31.042933, 0.000000, 0.000000, 0.000000, 0.000000, 0.000000, -30.000013, 0.000000, 0.000000
1.050000, 0.000000, 0.000000, 0.000000, -31.342933, 0.000000, 0.000000, 0.000000, 0.000000, 0.000000, -30.000013, 0.000000, 0.000000
1.060000, 0.000000, 0.000000, 0.000000, -31.642933, 0.000000, 0.000000, 0.000000, 0.000000, 0.000000, -30.000013, 0.000000, 0.000000
1.070000, 0.000000, 0.000000, 0.000000, -31.942933, 0.000000, 0.000000, 0.000000, 0.000000, 0.000000, -30.000013, 0.000000, 0.000000
1.080000, 0.000000, 0.000000, 0.000000, -32.242934, 0.000000, 0.000000, 0.000000, 0.000000, 0.000000, -30.000013, 0.000000, 0.000000
1.090000, 0.000000, 0.000000, 0.000000, -32.542934, 0.000000, 0.000000, 0.000000, 0.000000, 0.000000, -30.000013, 0.000000, 0.000000
1.100000, 0.000000, 0.000000, 0.000000, -32.842934, 0.000000, 0.000000, 0.000000, 0.000000, 0.000000, -30.000013, 0.000000, 0.000000
1.110000, 0.000000, 0.000000, 0.000000, -33.142934, 0.000000, 0.000000, 0.000000, 0.000000, 0.000000, -30.000013, 0.000000, 0.000000
1.120000, 0.000000, 0.000000, 0.000000, -33.442934, 0.000000, 0.000000, 0.000000, 0.000000, 0.000000, -30.000013, 0.000000, 0.000000
1.130000, 0.000000, 0.000000, 0.000000, -33.742934, 0.000000, 0.000000, 0.000000, 0.000000, 0.000000, -30.000013, 0.000000, 0.000000
1.140000, 0.000000, 0.000000, 0.000000, -34.042934, 0.000000, 0.000000, 0.000000, 0.000000, 0.000000, -30.000013, 0.000000, 0.000000
1.150000, 0.000000, 0.000000, 0.000000, -34.342934, 0.000000, 0.000000, 0.000000, 0.000000, 0.000000, -30.000013, 0.000000, 0.000000
1.160000, 0.000000, 0.000000, 0.000000, -34.642935, 0.000000, 0.000000, 0.000000, 0.000000, 0.000000, -30.000013, 0.000000, 0.000000
1.170000, 0.000000, 0.000000, 0.000000, -34.942935, 0.000000, 0.000000, 0.000000, 0.000000, 0.000000, -30.000013, 0.000000, 0.000000
1.180000, 0.000000, 0.000000, 0.000000, -35.242935, 0.000000, 0.000000, 0.000000, 0.000000, 0.000000, -30.000013, 0.000000, 0.000000
1.190000, 0.000000, 0.000000, 0.000000, -35.542935, 0.000000, 0.000000, 0.000000, 0.000000, 0.000000, -30.000013, 0.000000, 0.000000
1.200000, 0.000000, 0.000000, 0.000000, -35.842935, 0.000000, 0.000000, 0.000000, 0.000000, 0.000000, -30.000013, 0.000000, 0.000000
1.210000, 0.000000, 0.000000, 0.000000, -36.142935, 0.000000, 0.000000, 0.000000, 0.000000, 0.000000, -30.000013, 0.000000, 0.000000
1.220000, 0.000000, 0.000000, 0.000000, -36.442935, 0.000000, 0.000000, 0.000000, 0.000000, 0.000000, -30.000013, 0.000000, 0.000000
1.230000, 0.000000, 0.000000, 0.000000, -36.742935, 0.000000, 0.000000, 0.000000, 0.000000, 0.000000, -30.000013, 0.000000, 0.000000
1.240000, 0.000000, 0.000000, 0.000000, -37.042936, 0.000000, 0.000000, 0.000000, 0.000000, 0.000000, -30.000013, 0.000000, 0.000000
1.250000, 0.000000, 0.000000, 0.000000, -37.342936, 0.000000, 0.000000, 0.000000, 0.000000, 0.000000, -30.000013, 0.000000, 0.000000
1.260000, 0.000000, 0.000000, 0.000000, -37.642936, 0.000000, 0.000000, 0.000000, 0.000000, 0.000000, -30.000013, 0.000000, 0.000000
1.270000, 0.000000, 0.000000, 0.000000, -37.942936, 0.000000, 0.000000, 0.000000, 0.000000, 0.000000, -30.000013, 0.000000, 0.000000
1.280000, 0.000000, 0.000000, 0.000000, -38.242936, 0.000000, 0.000000, 0.000000, 0.000000, 0.000000, -30.000013, 0.000000, 0.000000
1.290000, 0.000000, 0.000000, 0.000000, -38.542936, 0.000000, 0.000000, 0.000000, 0.000000, 0.000000, -30.000013, 0.000000, 0.000000
1.300000, 0.000000, 0.000000, 0.000000, -38.842936, 0.000000, 0.000000, 0.000000, 0.000000, 0.000000, -30.000013, 0.000000, 0.000000
1.310000, 0.000000, 0.000000, 0.000000, -39.142937, 0.000000, 0.000000, 0.000000, 0.000000, 0.000000, -30.000013, 0.000000, 0.000000
1.320000, 0.000000, 0.000000, 0.000000, -39.442937, 0.000000, 0.000000, 0.000000, 0.000000, 0.000000, -30.000013, 0.000000, 0.000000
1.330000, 0.000000, 0.000000, 0.000000, -39.742937, 0.000000, 0.000000, 0.000000, 0.000000, 0.000000, -30.000013, 0.000000, 0.000000
1.340000, 0.000000, 0.000000, 0.000000, -40.042937, 0.000000, 0.000000, 0.000000, 0.000000, 0.000000, -30.000013, 0.000000, 0.000000
1.350000, 0.000000, 0.000000, 0.000000, -40.342937, 0.000000, 0.000000, 0.000000, 0.000000, 0.000000, -30.000013, 0.000000, 0.000000
1.360000, 0.000000, 0.000000, 0.000000, -40.642937, 0.000000, 0.000000, 0.000000, 0.000000, 0.000000, -30.000013, 0.000000, 0.000000
1.370000, 0.000000, 0.000000, 0.000000, -40.942937, 0.000000, 0.000000, 0.000000, 0.000000, 0.000000, -30.000013, 0.000000, 0.000000
1.380000, 0.000000, 0.000000, 0.000000, -41.242937, 0.000000, 0.000000, 0.000000, 0.000000, 0.000000, -30.000013, 0.000000, 0.000000
1.390000, 0.000000, 0.000000, 0.000000, -41.542938, 0.000000, 0.000000, 0.000000, 0.000000, 0.000000, -30.000013, 0.000000, 0.000000
1.400000, 0.000000, 0.000000, 0.000000, -41.842938, 0.000000, 0.000000, 0.000000, 0.000000, 0.000000, -30.000013, 0.000000, 0.000000
1.410000, 0.000000, 0.000000, 0.000000, -42.142938, 0.000000, 0.000000, 0.000000, 0.000000, 0.000000, -30.000013, 0.000000, 0.000000
1.420000, 0.000000, 0.000000, 0.000000, -42.442938, 0.000000, 0.000000, 0.000000, 0.000000, 0.000000, -30.000013, 0.000000, 0.000000
1.430000, 0.000000, 0.000000, 0.000000, -42.742938, 0.000000, 0.000000, 0.000000, 0.000000, 0.000000, -30.000013, 0.000000, 0.000000
1.440000, 0.000000, 0.000000, 0.000000, -43.042938, 0.000000, 0.000000, 0.000000, 0.000000, 0.000000, -30.000013, 0.000000, 0.000000
1.450000, 0.000000, 0.000000, 0.000000, -43.342938, 0.000000, 0.000000, 0.000000, 0.000000, 0.000000, -30.000013, 0.000000, 0.000000
1.460000, 0.000000, 0.000000, 0.000000, -43.642938, 0.000000, 0.000000, 0.000000, 0.000000, 0.000000, -30.000013, 0.000000, 0.000000
1.470000, 0.000000, 0.000000, 0.000000, -43.942939, 0.000000, 0.000000, 0.000000, 0.000000, 0.000000, -30.000013, 0.000000, 0.000000
1.480000, 0.000000, 0.000000, 0.000000, -44.242939, 0.000000, 0.000000, 0.000000, 0.000000, 0.000000, -30.000013, 0.000000, 0.000000
1.490000, 0.000000, 0.000000, 0.000000, -44.542939, 0.000000, 0.000000, 0.000000, 0.000000, 0.000000, -30.000013, 0.000000, 0.000000
1.500000, 0.000000, 0.000000, 0.000000, -44.842939, 0.000000, 0.000000, 0.000000, 0.000000, 0.000000, -30.000013, 0.000000, 0.000000
1.510000, 0.000000, 0.000000, 0.000000, -45.142939, 0.000000, 0.000000, 0.000000, 0.000000, 0.000000, -30.000013, 0.000000, 0.000000
1.520000, 0.000000, 0.000000, 0.000000, -45.442939, 0.000000, 0.000000, 0.000000, 0.000000, 0.000000, -30.000013, 0.000000, 0.000000
1.530000, 0.000000, 0.000000, 0.000000, -45.742939, 0.000000, 0.000000, 0.000000, 0.000000, 0.000000, -30.000013, 0.000000, 0.000000
1.540000, 0.000000, 0.000000, 0.000000, -46.042939, 0.000000, 0.000000, 0.000000, 0.000000, 0.000000, -30.000013, 0.000000, 0.000000
1.550000, 0.000000, 0.000000, 0.000000, -46.342940, 0.000000, 0.000000, 0.000000, 0.000000, 0.000000, -30.000013, 0.000000, 0.000000
1.560000, 0.000000, 0.000000, 0.000000, -46.642940, 0.000000, 0.000000, 0.000000, 0.000000, 0.000000, -30.000013, 0.000000, 0.000000
1.570000, 0.000000, 0.000000, 0.000000, -46.942940, 0.000000, 0.000000, 0.000000, 0.000000, 0.000000, -30.000013, 0.000000, 0.000000
1.580000, 0.000000, 0.000000, 0.000000, -47.242940, 0.000000, 0.000000, 0.000000, 0.000000, 0.000000, -30.000013, 0.000000, 0.000000
1.590000, 0.000000, 0.000000, 0.000000, -47.542940, 0.000000, 0.000000, 0.000000, 0.000000, 0.000000, -30.000013, 0.000000, 0.000000
1.600000, 0.000000, 0.000000, 0.000000, -47.842940, 0.000000, 0.000000, 0.000000, 0.000000, 0.000000, -30.000013, 0.000000, 0.000000
1.610000, 0.000000, 0.000000, 0.000000, -48.142940, 0.000000, 0.000000, 0.000000, 0.000000, 0.000000, -30.000013, 0.000000, 0.000000
1.620000, 0.000000, 0.000000, 0.000000, -48.442941, 0.000000, 0.000000, 0.000000, 0.000000, 0.000000, -30.000013, 0.000000, 0.000000
1.630000, 0.000000, 0.000000, 0.000000, -48.742941, 0.000000, 0.000000, 0.000000, 0.000000, 0.000000, -30.000013, 0.000000, 0.000000
1.640000, 0.000000, 0.000000, 0.000000, -49.042941, 0.000000, 0.000000, 0.000000, 0.000000, 0.000000, -30.000013, 0.000000, 0.000000
1.650000, 0.000000, 0.000000, 0.000000, -49.342941, 0.000000, 0.000000, 0.000000, 0.000000, 0.000000, -30.000013, 0.000000, 0.000000
1.660000, 0.000000, 0.000000, 0.000000, -49.642941, 0.000000, 0.000000, 0.000000, 0.000000, 0.000000, -30.000013, 0.000000, 0.000000
1.670000, 0.000000, 0.000000, 0.000000, -49.942941, 0.000000, 0.000000, 0.000000, 0.000000, 0.000000, -30.000013, 0.000000, 0.000000
1.680000, 0.000000, 0.000000, 0.000000, -50.242941, 0.000000, 0.000000, 0.000000, 0.000000, 0.000000, -30.000013, 0.000000, 0.000000
1.690000, 0.000000, 0.000000, 0.000000, -50.542941, 0.000000, 0.000000, 0.000000, 0.000000, 0.000000, -30.000013, 0.000000, 0.000000
1.700000, 0.000000, 0.000000, 0.000000, -50.842942, 0.000000, 0.000000, 0.000000, 0.000000, 0.000000, -30.000013, 0.000000, 0.000000
1.710000, 0.000000, 0.000000, 0.000000, -51.142942, 0.000000, 0.000000, 0.000000, 0.000000, 0.000000, -30.000013, 0.000000, 0.000000
1.720000, 0.000000, 0.000000, 0.000000, -51.442942, 0.000000, 0.000000, 0.000000, 0.000000, 0.000000, -30.000013, 0.000000, 0.000000
1.730000, 0.000000, 0.000000, 0.000000, -51.742942, 0.000000, 0.000000, 0.000000, 0.000000, 0.000000, -30.000013, 0.000000, 0.000000
1.740000, 0.000000, 0.000000, 0.000000, -52.042942, 0.000000, 0.000000, 0.000000, 0.000000, 0.000000, -30.000013, 0.000000, 0.000000
1.750000, 0.000000, 0.000000, 0.000000, -52.342942, 0.000000, 0.000000, 0.000000, 0.000000, 0.000000, -30.000013, 0.000000, 0.000000
1.760000, 0.000000, 0.000000, 0.000000, -52.642942, 0.000000, 0.000000, 0.000000, 0.000000, 0.000000, -30.000013, 0.000000, 0.000000
1.770000, 0.000000, 0.000000, 0.000000, -52.942942, 0.000000, 0.000000, 0.000000, 0.000000, 0.000000, -30.000013, 0.000000, 0.000000
1.780000, 0.000000, 0.000000, 0.000000, -53.242943, 0.000000, 0.000000, 0.000000, 0.000000, 0.000000, -30.000013, 0.000000, 0.000000
1.790000, 0.000000, 0.000000, 0.000000, -53.542943, 0.000000, 0.000000, 0.000000, 0.000000, 0.000000, -30.000013, 0.000000, 0.000000
1.800000, 0.000000, 0.000000, 0.000000, -53.842943, 0.000000, 0.000000, 0.000000, 0.000000, 0.000000, -30.000013, 0.000000, 0.000000
1.810000, 0.000000, 0.000000, 0.000000, -54.142943, 0.000000, 0.000000, 0.000000, 0.000000, 0.000000, -30.000013, 0.000000, 0.000000
1.820000, 0.000000, 0.000000, 0.000000, -54.442943, 0.000000, 0.000000, 0.000000, 0.000000, 0.000000, -30.000013, 0.000000, 0.000000
1.830000, 0.000000, 0.000000, 0.000000, -54.742943, 0.000000, 0.000000, 0.000000, 0.000000, 0.000000, -30.000013, 0.000000, 0.000000
1.840000, 0.000000, 0.000000, 0.000000, -55.042943, 0.000000, 0.000000, 0.000000, 0.000000, 0.000000, -30.000013, 0.000000, 0.000000
1.850000, 0.000000, 0.000000, 0.000000, -55.342943, 0.000000, 0.000000, 0.000000, 0.000000, 0.000000, -30.000013, 0.000000, 0.000000
1.860000, 0.000000, 0.000000, 0.000000, -55.642944, 0.000000, 0.000000, 0.000000, 0.000000, 0.000000, -30.000013, 0.000000, 0.000000
1.870000, 0.000000, 0.000000, 0.000000, -55.942944, 0.000000, 0.000000, 0.000000, 0.000000, 0.000000, -30.000013, 0.000000, 0.000000
1.880000, 0.000000, 0.000000, 0.000000, -56.242944, 0.000000, 0.000000, 0.000000, 0.000000, 0.000000, -30.000013, 0.000000, 0.000000
1.890000, 0.000000, 0.000000, 0.000000, -56.542944, 0.000000, 0.000000, 0.000000, 0.000000, 0.000000, -30.000013, 0.000000, 0.000000
1.900000, 0.000000, 0.000000, 0.000000, -56.842944, 0.000000, 0.000000, 0.000000, 0.000000, 0.000000, -30.000013, 0.000000, 0.000000
1.910000, 0.000000, 0.000000, 0.000000, -57.142944, 0.000000, 0.000000, 0.000000, 0.000000, 0.000000, -30.000013, 0.000000, 0.000000
1.920000, 0.000000, 0.000000, 0.000000, -57.442944, 0.000000, 0.000000, 0.000000, 0.000000, 0.000000, -30.000013, 0.000000, 0.000000
1.930000, 0.000000, 0.000000, 0.000000, -57.742944, 0.000000, 0.000000, 0.000000, 0.000000, 0.000000, -30.000013, 0.000000, 0.000000
1.940000, 0.000000, 0.000000, 0.000000, -58.042945, 0.000000, 0.000000, 0.000000, 0.000000, 0.000000, -30.000013, 0.000000, 0.000000
1.950000, 0.000000, 0.000000, 0.000000, -58.342945, 0.000000, 0.000000, 0.000000, 0.000000, 0.000000, -30.000013, 0.000000, 0.000000
1.960000, 0.000000, 0.000000, 0.000000, -58.642945, 0.000000, 0.000000, 0.000000, 0.000000, 0.000000, -30.000013, 0.000000, 0.000000
1.970000, 0.000000, 0.000000, 0.000000, -58.942945, 0.000000, 0.000000, 0.000000, 0.000000, 0.000000, -30.000013, 0.000000, 0.000000
1.980000, 0.000000, 0.000000, 0.000000, -59.242945, 0.000000, 0.000000, 0.000000, 0.000000, 0.000000, -30.000013, 0.000000, 0.000000
1.990000, 0.000000, 0.000000, 0.000000, -59.542945, 0.000000, 0.000000, 0.000000, 0.000000, 0.000000, -30.000013, 0.000000, 0.000000
2.000000, 0.000000, 0.000000, 0.000000, -59.842945, 0.000000, 0.000000, 0.000000, 0.000000, 0.000000, -30.000013, 0.000000, 0.000000
2.010000, 0.000000, 0.000000, 0.000000, -60.142946, 0.000000, 0.000000, 0.000000, 0.000000, 0.000000, -30.000013, 0.000000, 0.000000
2.020000, 0.000000, 0.000000, 0.000000, -60.442946, 0.000000, 0.000000, 0.000000, 0.000000, 0.000000, -30.000013, 0.000000, 0.000000
2.030000, 0.000000, 0.000000, 0.000000, -60.742946, 0.000000, 0.000000, 0.000000, 0.000000, 0.000000, -30.000013, 0.000000, 0.000000
2.040000, 0.000000, 0.000000, 0.000000, -61.042946, 0.000000, 0.000000, 0.000000, 0.000000, 0.000000, -30.000013, 0.000000, 0.000000
2.050000, 0.000000, 0.000000, 0.000000, -61.342946, 0.000000, 0.000000, 0.000000, 0.000000, 0.000000, -30.000013, 0.000000, 0.000000
2.060000, 0.000000, 0.000000, 0.000000, -61.642946, 0.000000, 0.000000, 0.000000, 0.000000, 0.000000, -30.000013, 0.000000, 0.000000
2.070000, 0.000000, 0.000000, 0.000000, -61.942946, 0.000000, 0.000000, 0.000000, 0.000000, 0.000000, -30.000013, 0.000000, 0.000000
2.080000, 0.000000, 0.000000, 0.000000, -62.242946, 0.000000, 0.000000, 0.000000, 0.000000, 0.000000, -30.000013, 0.000000, 0.000000
2.090000, 0.000000, 0.000000, 0.000000, -62.542947, 0.000000, 0.000000, 0.000000, 0.000000, 0.000000, -30.000013, 0.000000, 0.000000
2.100000, 0.000000, 0.000000, 0.000000, -62.842947, 0.000000, 0.000000, 0.000000, 0.000000, 0.000000, -30.000013, 0.000000, 0.000000
2.110000, 0.000000, 0.000000, 0.000000, -63.142947, 0.000000, 0.000000, 0.000000, 0.000000, 0.000000, -30.000013, 0.000000, 0.000000
2.120000, 0.000000, 0.000000, 0.000000, -63.442947, 0.000000, 0.000000, 0.000000, 0.000000, 0.000000, -30.000013, 0.000000, 0.000000
2.130000, 0.000000, 0.000000, 0.000000, -63.742947, 0.000000, 0.000000, 0.000000, 0.000000, 0.000000, -30.000013, 0.000000, 0.000000
2.140000, 0.000000, 0.000000, 0.000000, -64.042947, 0.000000, 0.000000, 0.000000, 0.000000, 0.000000, -30.000013, 0.000000, 0.000000
2.150000, 0.000000, 0.000000, 0.000000, -64.342947, 0.000000, 0.000000, 0.000000, 0.000000, 0.000000, -30.000013, 0.000000, 0.000000
2.160000, 0.000000, 0.000000, 0.000000, -64.642947, 0.000000, 0.000000, 0.000000, 0.000000, 0.000000, -30.000013, 0.000000, 0.000000
2.170000, 0.000000, 0.000000, 0.000000, -64.942948, 0.000000, 0.000000, 0.000000, 0.000000, 0.000000, -30.000013, 0.000000, 0.000000
2.180000, 0.000000, 0.000000, 0.000000, -65.242948, 0.000000, 0.000000, 0.000000, 0.000000, 0.000000, -30.000013, 0.000000, 0.000000
2.190000, 0.000000, 0.000000, 0.000000, -65.542948, 0.000000, 0.000000, 0.000000, 0.000000, 0.000000, -30.000013, 0.000000, 0.000000
2.200000, 0.000000, 0.000000, 0.000000, -65.842948, 0.000000, 0.000000, 0.000000, 0.000000, 0.000000, -30.000013, 0.000000, 0.000000
2.210000, 0.000000, 0.000000, 0.000000, -66.142948, 0.000000, 0.000000, 0.000000, 0.000000, 0.000000, -30.000013, 0.000000, 0.000000
2.220000, 0.000000, 0.000000, 0.000000, -66.442948, 0.000000, 0.000000, 0.000000, 0.000000, 0.000000, -30.000013, 0.000000, 0.000000
2.230000, 0.000000, 0.000000, 0.000000, -66.742948, 0.000000, 0.000000, 0.000000, 0.000000, 0.000000, -30.000013, 0.000000, 0.000000
2.240000, 0.000000, 0.000000, 0.000000, -67.042948, 0.000000, 0.000000, 0.000000, 0.000000, 0.000000, -30.000013, 0.000000, 0.000000
2.250000, 0.000000, 0.000000, 0.000000, -67.342949, 0.000000, 0.000000, 0.000000, 0.000000, 0.000000, -30.000013, 0.000000, 0.000000
2.260000, 0.000000, 0.000000, 0.000000, -67.642949, 0.000000, 0.000000, 0.000000, 0.000000, 0.000000, -30.000013, 0.000000, 0.000000
2.270000, 0.000000, 0.000000, 0.000000, -67.942949, 0.000000, 0.000000, 0.000000, 0.000000, 0.000000, -30.000013, 0.000000, 0.000000
2.280000, 0.000000, 0.000000, 0.000000, -68.242949, 0.000000, 0.000000, 0.000000, 0.000000, 0.000000, -30.000013, 0.000000, 0.000000
2.290000, 0.000000, 0.000000, 0.000000, -68.542949, 0.000000, 0.000000, 0.000000, 0.000000, 0.000000, -30.000013, 0.000000, 0.000000
2.300000, 0.000000, 0.000000, 0.000000, -68.842949, 0.000000, 0.000000, 0.000000, 0.000000, 0.000000, -30.000013, 0.000000, 0.000000
2.310000, 0.000000, 0.000000, 0.000000, -69.142949, 0.000000, 0.000000, 0.000000, 0.000000, 0.000000, -30.000013, 0.000000, 0.000000
2.320000, 0.000000, 0.000000, 0.000000, -69.442950, 0.000000, 0.000000, 0.000000, 0.000000, 0.000000, -30.000013, 0.000000, 0.000000
2.330000, 0.000000, 0.000000, 0.000000, -69.742950, 0.000000, 0.000000, 0.000000, 0.000000, 0.000000, -30.000013, 0.000000, 0.000000
2.340000, 0.000000, 0.000000, 0.000000, -70.042950, 0.000000, 0.000000, 0.000000, 0.000000, 0.000000, -30.000013, 0.000000, 0.000000
2.350000, 0.000000, 0.000000, 0.000000, -70.342950, 0.000000, 0.000000, 0.000000, 0.000000, 0.000000, -30.000013, 0.000000, 0.000000
2.360000, 0.000000, 0.000000, 0.000000, -70.642950, 0.000000, 0.000000, 0.000000, 0.000000, 0.000000, -30.000013, 0.000000, 0.000000
2.370000, 0.000000, 0.000000, 0.000000, -70.942950, 0.000000, 0.000000, 0.000000, 0.000000, 0.000000, -30.000013, 0.000000, 0.000000
2.380000, 0.000000, 0.000000, 0.000000, -71.242950, 0.000000, 0.000000, 0.000000, 0.000000, 0.000000, -30.000013, 0.000000, 0.000000
2.390000, 0.000000, 0.000000, 0.000000, -71.542950, 0.000000, 0.000000, 0.000000, 0.000000, 0.000000, -30.000013, 0.000000, 0.000000
2.400000, 0.000000, 0.000000, 0.000000, -71.842951, 0.000000, 0.000000, 0.000000, 0.000000, 0.000000, -30.000013, 0.000000, 0.000000
2.410000, 0.000000, 0.000000, 0.000000, -72.142951, 0.000000, 0.000000, 0.000000, 0.000000, 0.000000, -30.000013, 0.000000, 0.000000
2.420000, 0.000000, 0.000000, 0.000000, -72.442951, 0.000000, 0.000000, 0.000000, 0.000000, 0.000000, -30.000013, 0.000000, 0.000000
2.430000, 0.000000, 0.000000, 0.000000, -72.742951, 0.000000, 0.000000, 0.000000, 0.000000, 0.000000, -30.000013, 0.000000, 0.000000
2.440000, 0.000000, 0.000000, 0.000000, -73.042951, 0.000000, 0.000000, 0.000000, 0.000000, 0.000000, -30.000013, 0.000000, 0.000000
2.450000, 0.000000, 0.000000, 0.000000, -73.342951, 0.000000, 0.000000, 0.000000, 0.000000, 0.000000, -30.000013, 0.000000, 0.000000
2.460000, 0.000000, 0.000000, 0.000000, -73.642951, 0.000000, 0.000000, 0.000000, 0.000000, 0.000000, -30.000013, 0.000000, 0.000000
2.470000, 0.000000, 0.000000, 0.000000, -73.942951, 0.000000, 0.000000, 0.000000, 0.000000, 0.000000, -30.000013, 0.000000, 0.000000
2.480000, 0.000000, 0.000000, 0.000000, -74.242952, 0.000000, 0.000000, 0.000000, 0.000000, 0.000000, -30.000013, 0.000000, 0.000000
2.490000, 0.000000, 0.000000, 0.000000, -74.542952, 0.000000, 0.000000, 0.000000, 0.000000, 0.000000, -30.000013, 0.000000, 0.000000
2.500000, 0.000000, 0.000000, 0.000000, -74.842952, 0.000000, 0.000000, 0.000000, 0.000000, 0.000000, -30.000013, 0.000000, 0.000000
2.510000, 0.000000, 0.000000, 0.000000, -75.142952, 0.000000, 0.000000, 0.000000, 0.000000, 0.000000, -30.000013, 0.000000, 0.000000
2.520000, 0.000000, 0.000000, 0.000000, -75.442952, 0.000000, 0.000000, 0.000000, 0.000000, 0.000000, -30.000013, 0.000000, 0.000000
2.530000, 0.000000, 0.000000, 0.000000, -75.742952, 0.000000, 0.000000, 0.000000, 0.000000, 0.000000, -30.000013, 0.000000, 0.000000
2.540000, 0.000000, 0.000000, 0.000000, -76.042952, 0.000000, 0.000000, 0.000000, 0.000000, 0.000000, -30.000013, 0.000000, 0.000000
2.550000, 0.000000, 0.000000, 0.000000, -76.342952, 0.000000, 0.000000, 0.000000, 0.000000, 0.000000, -30.000013, 0.000000, 0.000000
2.560000, 0.000000, 0.000000, 0.000000, -76.642953, 0.000000, 0.000000, 0.000000, 0.000000, 0.000000, -30.000013, 0.000000, 0.000000
2.570000, 0.000000, 0.000000, 0.000000, -76.942953, 0.000000, 0.000000, 0.000000, 0.000000, 0.000000, -30.000013, 0.000000, 0.000000
2.580000, 0.000000, 0.000000, 0.000000, -77.242953, 0.000000, 0.000000, 0.000000, 0.000000, 0.000000, -30.000013, 0.000000, 0.000000
2.590000, 0.000000, 0.000000, 0.000000, -77.542953, 0.000000, 0.000000, 0.000000, 0.000000, 0.000000, -30.000013, 0.000000, 0.000000
2.600000, 0.000000, 0.000000, 0.000000, -77.842953, 0.000000, 0.000000, 0.000000, 0.000000, 0.000000, -30.000013, 0.000000, 0.000000
2.610000, 0.000000, 0.000000, 0.000000, -78.142953, 0.000000, 0.000000, 0.000000, 0.000000, 0.000000, -30.000013, 0.000000, 0.000000
2.620000, 0.000000, 0.000000, 0.000000, -78.442953, 0.000000, 0.000000, 0.000000, 0.000000, 0.000000, -30.000013, 0.000000, 0.000000
2.630000, 0.000000, 0.000000, 0.000000, -78.742953, 0.000000, 0.000000, 0.000000, 0.000000, 0.000000, -30.000013, 0.000000, 0.000000
2.640000, 0.000000, 0.000000, 0.000000, -79.042954, 0.000000, 0.000000, 0.000000, 0.000000, 0.000000, -30.000013, 0.000000, 0.000000
2.650000, 0.000000, 0.000000, 0.000000, -79.342954, 0.000000, 0.000000, 0.000000, 0.000000, 0.000000, -30.000013, 0.000000, 0.000000
2.660000, 0.000000, 0.000000, 0.000000, -79.642954, 0.000000, 0.000000, 0.000000, 0.000000, 0.000000, -30.000013, 0.000000, 0.000000
2.670000, 0.000000, 0.000000, 0.000000, -79.942954, 0.000000, 0.000000, 0.000000, 0.000000, 0.000000, -30.000013, 0.000000, 0.000000
2.680000, 0.000000, 0.000000, 0.000000, -80.242954, 0.000000, 0.000000, 0.000000, 0.000000, 0.000000, -30.000013, 0.000000, 0.000000
2.690000, 0.000000, 0.000000, 0.000000, -80.542954, 0.000000, 0.000000, 0.000000, 0.000000, 0.000000, -30.000013, 0.000000, 0.000000
2.700000, 0.000000, 0.000000, 0.000000, -80.842954, 0.000000, 0.000000, 0.000000, 0.000000, 0.000000, -30.000013, 0.000000, 0.000000
2.710000, 0.000000, 0.000000, 0.000000, -81.142955, 0.000000, 0.000000, 0.000000, 0.000000, 0.000000, -30.000013, 0.000000, 0.000000
2.720000, 0.000000, 0.000000, 0.000000, -81.442955, 0.000000, 0.000000, 0.000000, 0.000000, 0.000000, -30.000013, 0.000000, 0.000000
2.730000, 0.000000, 0.000000, 0.000000, -81.742955, 0.000000, 0.000000, 0.000000, 0.000000, 0.000000, -30.000013, 0.000000, 0.000000
2.740000, 0.000000, 0.000000, 0.000000, -82.042955, 0.000000, 0.000000, 0.000000, 0.000000, 0.000000, -30.000013, 0.000000, 0.000000
2.750000, 0.000000, 0.000000, 0.000000, -82.342955, 0.000000, 0.000000, 0.000000, 0.000000, 0.000000, -30.000013, 0.000000, 0.000000
2.760000, 0.000000, 0.000000, 0.000000, -82.642955, 0.000000, 0.000000, 0.000000, 0.000000, 0.000000, -30.000013, 0.000000, 0.000000
2.770000, 0.000000, 0.000000, 0.000000, -82.942955, 0.000000, 0.000000, 0.000000, 0.000000, 0.000000, -30.000013, 0.000000, 0.000000
2.780000, 0.000000, 0.000000, 0.000000, -83.242955, 0.000000, 0.000000, 0.000000, 0.000000, 0.000000, -30.000013, 0.000000, 0.000000
2.790000, 0.000000, 0.000000, 0.000000, -83.542956, 0.000000, 0.000000, 0.000000, 0.000000, 0.000000, -30.000013, 0.000000, 0.000000
2.800000, 0.000000, 0.000000, 0.000000, -83.842956, 0.000000, 0.000000, 0.000000, 0.000000, 0.000000, -30.000013, 0.000000, 0.000000
2.810000, 0.000000, 0.000000, 0.000000, -84.142956, 0.000000, 0.000000, 0.000000, 0.000000, 0.000000, -30.000013, 0.000000, 0.000000
2.820000, 0.000000, 0.000000, 0.000000, -84.442956, 0.000000, 0.000000, 0.000000, 0.000000, 0.000000, -30.000013, 0.000000, 0.000000
2.830000, 0.000000, 0.000000, 0.000000, -84.742956, 0.000000, 0.000000, 0.000000, 0.000000, 0.000000, -30.000013, 0.000000, 0.000000
2.840000, 0.000000, 0.000000, 0.000000, -85.042956, 0.000000, 0.000000, 0.000000, 0.000000, 0.000000, -30.000013, 0.000000, 0.000000
2.850000, 0.000000, 0.000000, 0.000000, -85.342956, 0.000000, 0.000000, 0.000000, 0.000000, 0.000000, -30.000013, 0.000000, 0.000000
2.860000, 0.000000, 0.000000, 0.000000, -85.642956, 0.000000, 0.000000, 0.000000, 0.000000, 0.000000, -30.000013, 0.000000, 0.000000
2.870000, 0.000000, 0.000000, 0.000000, -85.942957, 0.000000, 0.000000, 0.000000, 0.000000, 0.000000, -30.000013, 0.000000, 0.000000
2.880000, 0.000000, 0.000000, 0.000000, -86.242957, 0.000000, 0.000000, 0.000000, 0.000000, 0.000000, -30.000013, 0.000000, 0.000000
2.890000, 0.000000, 0.000000, 0.000000, -86.542957, 0.000000, 0.000000, 0.000000, 0.000000, 0.000000, -30.000013, 0.000000, 0.000000
2.900000, 0.000000, 0.000000, 0.000000, -86.842957, 0.000000, 0.000000, 0.000000, 0.000000, 0.000000, -30.000013, 0.000000, 0.000000
2.910000, 0.000000, 0.000000, 0.000000, -87.142957, 0.000000, 0.000000, 0.000000, 0.000000, 0.000000, -30.000013, 0.000000, 0.000000
2.920000, 0.000000, 0.000000, 0.000000, -87.442957, 0.000000, 0.000000, 0.000000, 0.000000, 0.000000, -30.000013, 0.000000, 0.000000
2.930000, 0.000000, 0.000000, 0.000000, -87.742957, 0.000000, 0.000000, 0.000000, 0.000000, 0.000000, -30.000013, 0.000000, 0.000000
2.940000, 0.000000, 0.000000, 0.000000, -88.042957, 0.000000, 0.000000, 0.000000, 0.000000, 0.000000, -30.000013, 0.000000, 0.000000
2.950000, 0.000000, 0.000000, 0.000000, -88.342958, 0.000000, 0.000000, 0.000000, 0.000000, 0.000000, -30.000013, 0.000000, 0.000000
2.960000, 0.000000, 0.000000, 0.000000, -88.642958, 0.000000, 0.000000, 0.000000, 0.000000, 0.000000, -30.000013, 0.000000, 0.000000
2.970000, 0.000000, 0.000000, 0.000000, -88.942958, 0.000000, 0.000000, 0.000000, 0.000000, 0.000000, -30.000013, 0.000000, 0.000000
2.980000, 0.000000, 0.000000, 0.000000, -89.242958, 0.000000, 0.000000, 0.000000, 0.000000, 0.000000, -30.000013, 0.000000, 0.000000
2.990000, 0.000000, 0.000000, 0.000000, -89.542958, 0.000000, 0.000000, 0.000000, 0.000000, 0.000000, -30.000013, 0.000000, 0.000000
3.000000, 0.000000, 0.000000, 0.000000, -89.842958, 0.000000, 0.000000, 0.000000, 0.000000, 0.000000, -30.000013, 0.000000, 0.000000
3.010000, 0.000000, 0.000000, 0.000000, -89.999965, 0.000000, 0.000000, 0.000000, 0.000000, 0.000000, -1.386555, 0.000000, 0.000000, 
